role,skills
Data Scientist,Python SQL Machine Learning Statistics Pandas NumPy Data Analysis
DevOps Engineer,AWS Docker Kubernetes Git Linux Automation CI CD Cloud
Backend Developer,Java Python SQL APIs Git Databases Backend Development
Cloud Architect,Cloud AWS Azure Architecture Networking Security Docker
Machine Learning Engineer,Python Machine Learning TensorFlow Scikit Learn Statistics Data
Data Analyst,Python SQL Excel Statistics Data Analysis Power BI Visualization
Frontend Developer,HTML CSS JavaScript React Git UI Web Development
Systems Administrator,Linux Networking Security Automation Shell Git Systems
Database Administrator,SQL Databases Linux Backup Security Performance
Cloud Engineer,AWS Cloud Linux Docker Kubernetes Networking Automation
